"230110070316828","2","BILI DIR AA LÍQ-WIENER","","","","","M","73616","","","Resultado: 0.21mg/dl            ","0","0",""
"230110070316828","3","BILI TOT AA LÍQ-WIENER","","","","","M","73616","","","Resultado: 0.61mg/dl            ","0","0",""
"230110083238432","1","BILI DIR AA LÍQ-WIENER","","","","","M","73629","","","Resultado: 0.70mg/dl            ","0","0",""
"230110083238432","2","BILI TOT AA LÍQ-WIENER","","","","","M","73629","","","Resultado: 17.74mg/dl            ","0","0",""
"230110090015733","3","BILI TOT AA LÍQ-WIENER","","","","","M","73617","","","Resultado: 0.31mg/dl            ","0","0",""
"230110090015733","9","HDL MONO-WIENER","","","","","M","73617","","","Resultado: 62.1mg/dl            ","0","0",""
"230110090015733","2","BILI DIR AA LÍQ-WIENER","","","","","M","73617","","","Resultado: 0.09mg/dl            ","0","0",""
"230110090103952","3","BILI TOT AA LÍQ-WIENER","","","","","M","73620","","","Resultado: 0.64mg/dl            ","0","0",""
"230110090103952","9","HDL MONO-WIENER","","","","","M","73620","","","Resultado: 53.5mg/dl            ","0","0",""
"230110090103952","2","BILI DIR AA LÍQ-WIENER","","","","","M","73620","","","Resultado: 0.24mg/dl            ","0","0",""
"230110090831439","3","BILI TOT AA LÍQ-WIENER","","","","","M","73628","","","Resultado: 0.32mg/dl            ","0","0",""
"230110090831439","10","HDL MONO-WIENER","","","","","M","73628","","","Resultado: 55.1mg/dl            ","0","0",""
"230110090831439","2","BILI DIR AA LÍQ-WIENER","","","","","M","73628","","","Resultado: 0.10mg/dl            ","0","0",""
"230110090228052","3","BILI TOT AA LÍQ-WIENER","","","","","M","73622","","","Resultado: 0.68mg/dl            ","0","0",""
"230110090228052","9","HDL MONO-WIENER","","","","","M","73622","","","Resultado: 79.2mg/dl            ","0","0",""
"230110090228052","2","BILI DIR AA LÍQ-WIENER","","","","","M","73622","","","Resultado: 0.20mg/dl            ","0","0",""
"230110090443023","3","BILI TOT AA LÍQ-WIENER","","","","","M","73624","","","Resultado: 0.42mg/dl            ","0","0",""
"230110090443023","9","HDL MONO-WIENER","","","","","M","73624","","","Resultado: 56.8mg/dl            ","0","0",""
"230110090443023","2","BILI DIR AA LÍQ-WIENER","","","","","M","73624","","","Resultado: 0.22mg/dl            ","0","0",""
"230110090206555","3","BILI TOT AA LÍQ-WIENER","","","","","M","73621","","","Resultado: 0.56mg/dl            ","0","0",""
"230110090206555","2","BILI DIR AA LÍQ-WIENER","","","","","M","73621","","","Resultado: 0.15mg/dl            ","0","0",""
"230110090505862","3","BILI TOT AA LÍQ-WIENER","","","","","M","73625","","","Resultado: 0.48mg/dl            ","0","0",""
"230110090505862","2","BILI DIR AA LÍQ-WIENER","","","","","M","73625","","","Resultado: 0.13mg/dl            ","0","0",""
"230110090748601","4","HDL MONO-WIENER","","","","","M","73626","","","Resultado: 52.0mg/dl            ","0","0",""
"230110121248520","3","BILI DIR AA LÍQ-WIENER","","","","","M","73650","","","Resultado: 2.35mg/dl            ","0","0",""
"230110121248520","4","BILI TOT AA LÍQ-WIENER","","","","","M","73650","","","Resultado: 3.05mg/dl            ","0","0",""
"230111064459906","3","BILI TOT AA LÍQ-WIENER","","","","","M","73652","","","Resultado: 2.19mg/dl            ","0","0",""
"230111064459906","2","BILI DIR AA LÍQ-WIENER","","","","","M","73652","","","Resultado: 1.10mg/dl            ","0","0",""
"230111070437865","2","BILI DIR AA LÍQ-WIENER","","","","","M","73653","","","Resultado: 0.09mg/dl            ","0","0",""
"230111070437865","3","BILI TOT AA LÍQ-WIENER","","","","","M","73653","","","Resultado: 0.33mg/dl            ","0","0",""
"230111081430590","3","BILI DIR AA LÍQ-WIENER","","","","","M","73654","","","Resultado: 0.20mg/dl            ","0","0",""
"230111081430590","4","BILI TOT AA LÍQ-WIENER","","","","","M","73654","","","Resultado: 0.88mg/dl            ","0","0",""
"230111093203205","3","BILI TOT AA LÍQ-WIENER","","","","","M","73659","","","Resultado: 0.55mg/dl            ","0","0",""
"230111093203205","2","BILI DIR AA LÍQ-WIENER","","","","","M","73659","","","Resultado: 0.17mg/dl            ","0","0",""
"230111093218524","3","BILI TOT AA LÍQ-WIENER","","","","","M","73660","","","Resultado: 0.60mg/dl            ","0","0",""
"230111093218524","9","HDL MONO-WIENER","","","","","M","73660","","","Resultado: 72.3mg/dl            ","0","0",""
"230111093218524","2","BILI DIR AA LÍQ-WIENER","","","","","M","73660","","","Resultado: 0.18mg/dl            ","0","0",""
"230111095237261","3","BILI TOT AA LÍQ-WIENER","","","","","M","73664","","","Resultado: 0.43mg/dl            ","0","0",""
"230111095237261","2","BILI DIR AA LÍQ-WIENER","","","","","M","73664","","","Resultado: 0.15mg/dl            ","0","0",""
"230111095237261","9","HDL MONO-WIENER","","","","","M","73664","","","Resultado: 72.5mg/dl            ","0","0",""
"230111095345511","3","BILI TOT AA LÍQ-WIENER","","","","","M","73666","","","Resultado: 0.53mg/dl            ","0","0",""
"230111095345511","2","BILI DIR AA LÍQ-WIENER","","","","","M","73666","","","Resultado: 0.17mg/dl            ","0","0",""
"230111095419035","3","BILI TOT AA LÍQ-WIENER","","","","","M","73667","","","Resultado: 0.60mg/dl            ","0","0",""
"230111095419035","2","BILI DIR AA LÍQ-WIENER","","","","","M","73667","","","Resultado: 0.16mg/dl            ","0","0",""
"230110070316828","5","COL-WIENER","","","","","M","73616","","","Resultado: 129mg/dl            ","0","0",""
"230110070316828","7","GLU AA y LÍQ-WIENER","","","","","M","73616","","","Resultado: 78mg/dl            ","0","0",""
"230110073126108","1","GLU AA y LÍQ-WIENER","","","","","M","73619 basal","","","Resultado: 96mg/dl            ","0","0",""
"230110083238432","3","GLU AA y LÍQ-WIENER","","","","","M","73629","","","Resultado: 75mg/dl            ","0","0",""
"230110090015733","10","TRIG AA LÍQ-WIENER","","","","","M","73617","","","Resultado: 259.2mg/dl            ","0","0",""
"230110090015733","4","COL-WIENER","","","","","M","73617","","","Resultado: 263mg/dl            ","0","0",""
"230110090015733","6","GLU AA y LÍQ-WIENER","","","","","M","73617","","","Resultado: 97mg/dl            ","0","0",""
"230110090103952","12","URICO AA LÍQ-WIENER","","","","","M","73620","","","Resultado: 7.57mg/dl            ","0","0",""
"230110090103952","10","TRIG AA LÍQ-WIENER","","","","","M","73620","","","Resultado: 141.3mg/dl            ","0","0",""
"230110090103952","6","GLU AA y LÍQ-WIENER","","","","","M","73620","","","Resultado: 106mg/dl            ","0","0",""
"230110090103952","4","COL-WIENER","","","","","M","73620","","","Resultado: 190mg/dl            ","0","0",""
"230110090831439","5","COL-WIENER","","","","","M","73628","","","Resultado: 161mg/dl            ","0","0",""
"230110090831439","11","TRIG AA LÍQ-WIENER","","","","","M","73628","","","Resultado: 77.6mg/dl            ","0","0",""
"230110090831439","7","GLU AA y LÍQ-WIENER","","","","","M","73628","","","Resultado: 89mg/dl            ","0","0",""
"230110090228052","10","TRIG AA LÍQ-WIENER","","","","","M","73622","","","Resultado: 160.2mg/dl            ","0","0",""
"230110090228052","6","GLU AA y LÍQ-WIENER","","","","","M","73622","","","Resultado: 83mg/dl            ","0","0",""
"230110090228052","4","COL-WIENER","","","","","M","73622","","","Resultado: 215mg/dl            ","0","0",""
"230110090443023","10","TRIG AA LÍQ-WIENER","","","","","M","73624","","","Resultado: 120.7mg/dl            ","0","0",""
"230110090443023","6","GLU AA y LÍQ-WIENER","","","","","M","73624","","","Resultado: 87mg/dl            ","0","0",""
"230110090443023","4","COL-WIENER","","","","","M","73624","","","Resultado: 167mg/dl            ","0","0",""
"230110090206555","6","GLU AA y LÍQ-WIENER","","","","","M","73621","","","Resultado: 90mg/dl            ","0","0",""
"230110090206555","5","FOS UV AA-WIENER","","","","","M","73621","","","Resultado: 5.6mg/dl            ","0","0",""
"230110090206555","4","CA ARSENAZO-WIENER","","","","","M","73621","","","Resultado: 11.0mg/dl            ","0","0",""
"230110090505862","4","COL-WIENER","","","","","M","73625","","","Resultado: 186mg/dl            ","0","0",""
"230110090505862","9","TRIG AA LÍQ-WIENER","","","","","M","73625","","","Resultado: 82.8mg/dl            ","0","0",""
"230110090505862","6","GLU AA y LÍQ-WIENER","","","","","M","73625","","","Resultado: 91mg/dl            ","0","0",""
"230110090748601","3","GLU AA y LÍQ-WIENER","","","","","M","73626","","","Resultado: 157mg/dl            ","0","0",""
"230110090748601","5","TRIG AA LÍQ-WIENER","","","","","M","73626","","","Resultado: 149.9mg/dl            ","0","0",""
"230110090748601","1","COL-WIENER","","","","","M","73626","","","Resultado: 183mg/dl            ","0","0",""
"230110090356645","2","GLU AA y LÍQ-WIENER","","","","","M","73623","","","Resultado: 101mg/dl            ","0","0",""
"230110102729043","2","PROTI U LCR-WIENER","","","","","M","73626 proti u","","","Abs: 0.1131  Blanco de Reactivo","1","0",""
"230110102729043","1","PROTI U LCR-WIENER","","","","","M","73626 proti u","","","Resultado: 9.3mg/dl            ","0","0",""
"230110095216206","1","GLU AA y LÍQ-WIENER","","","","","M","73619 ptog","","","Resultado: 56mg/dl            ","0","0",""
"230110103726617","1","GLU AA y LÍQ-WIENER","","","","","M","ptog","","","Resultado: 55mg/dl            ","0","0",""
"230111064459906","5","GLU AA y LÍQ-WIENER","","","","","M","73652","","","Resultado: 95mg/dl            ","0","0",""
"230111070437865","5","GLU AA y LÍQ-WIENER","","","","","M","73653","","","Resultado: 72mg/dl            ","0","0",""
"230111081430590","6","GLU AA y LÍQ-WIENER","","","","","M","73654","","","Resultado: 164mg/dl            ","0","0",""
"230111093029246","1","GLU AA y LÍQ-WIENER","","","","","M","73653 ptog","","","Resultado: 81mg/dl            ","0","0",""
"230111093203205","6","GLU AA y LÍQ-WIENER","","","","","M","73659","","","Resultado: 99mg/dl            ","0","0",""
"230111093218524","10","TRIG AA LÍQ-WIENER","","","","","M","73660","","","Resultado: 140.6mg/dl            ","0","0",""
"230111093218524","6","GLU AA y LÍQ-WIENER","","","","","M","73660","","","Resultado: 111mg/dl            ","0","0",""
"230111093218524","4","COL-WIENER","","","","","M","73660","","","Resultado: 232mg/dl            ","0","0",""
"230111093141770","1","GLU AA y LÍQ-WIENER","","","","","M","73656","","","Resultado: 94mg/dl            ","0","0",""
"230111095237261","4","COL-WIENER","","","","","M","73664","","","Resultado: 231mg/dl            ","0","0",""
"230111095237261","10","TRIG AA LÍQ-WIENER","","","","","M","73664","","","Resultado: 111.7mg/dl            ","0","0",""
"230111095237261","6","GLU AA y LÍQ-WIENER","","","","","M","73664","","","Resultado: 80mg/dl            ","0","0",""
"230111095345511","5","GLU AA y LÍQ-WIENER","","","","","M","73666","","","Resultado: 73mg/dl            ","0","0",""
"230111095431344","1","COL-WIENER","","","","","M","73670","","","Resultado: 162mg/dl            ","0","0",""
"230111095431344","3","GLU AA y LÍQ-WIENER","","","","","M","73670","","","Resultado: 71mg/dl            ","0","0",""
"230111095431344","4","TRIG AA LÍQ-WIENER","","","","","M","73670","","","Resultado: 35.5mg/dl            ","0","0",""
"230111111938869","2","GLU AA y LÍQ-WIENER","","","","","M","670 simu","","","Resultado: 75mg/dl            ","0","0",""
"230110070316828","4","CK-NAC UV AA IFCC-WIEN","","","","","M","73616","","","Resultado: 9U/l            Valor de referencia: 24U/l <-> 195U/l","0","0",""
"230110070316828","1","ALP 405 LIQ-WIENER","","","","","M","73616","","","Resultado: 428U/l            ","0","0",""
"230110070316828","9","GPT AA LÍQ-WIENER","","","","","M","73616","","","Resultado: 19U/l            ","0","0",""
"230110070316828","8","GOT AA LÍQ-WIENER","","","","","M","73616","","","Resultado: 28U/l            ","0","0",""
"230110090015733","8","GPT AA LÍQ-WIENER","","","","","M","73617","","","Resultado: 17U/l            ","0","0",""
"230110090015733","1","ALP 405 LIQ-WIENER","","","","","M","73617","","","Resultado: 175U/l            ","0","0",""
"230110090015733","7","GOT AA LÍQ-WIENER","","","","","M","73617","","","Resultado: 23U/l            ","0","0",""
"230110090103952","7","GOT AA LÍQ-WIENER","","","","","M","73620","","","Resultado: 26U/l            ","0","0",""
"230110090103952","8","GPT AA LÍQ-WIENER","","","","","M","73620","","","Resultado: 25U/l            ","0","0",""
"230110090103952","1","ALP 405 LIQ-WIENER","","","","","M","73620","","","Resultado: 270U/l            ","0","0",""
"230110090831439","9","GPT AA LÍQ-WIENER","","","","","M","73628","","","Resultado: 30U/l            ","0","0",""
"230110090831439","8","GOT AA LÍQ-WIENER","","","","","M","73628","","","Resultado: 39U/l            ","0","0",""
"230110090831439","1","ALP 405 LIQ-WIENER","","","","","M","73628","","","Resultado: 806U/l            ","0","1",""
"230110090831439","4","CK-NAC UV AA IFCC-WIEN","","","","","M","73628","","","Resultado: 38U/l            Valor de referencia: 24U/l <-> 195U/l","0","0",""
"230110090228052","7","GOT AA LÍQ-WIENER","","","","","M","73622","","","Resultado: 142U/l            ","0","0",""
"230110090228052","8","GPT AA LÍQ-WIENER","","","","","M","73622","","","Resultado: 193U/l            ","0","0",""
"230110090228052","1","ALP 405 LIQ-WIENER","","","","","M","73622","","","Resultado: 1383U/l            ","0","1",""
"230110090443023","1","ALP 405 LIQ-WIENER","","","","","M","73624","","","Resultado: 175U/l            ","0","0",""
"230110090443023","7","GOT AA LÍQ-WIENER","","","","","M","73624","","","Resultado: 33U/l            ","0","0",""
"230110090443023","8","GPT AA LÍQ-WIENER","","","","","M","73624","","","Resultado: 27U/l            ","0","0",""
"230110090206555","7","GOT AA LÍQ-WIENER","","","","","M","73621","","","Resultado: 28U/l            ","0","0",""
"230110090206555","8","GPT AA LÍQ-WIENER","","","","","M","73621","","","Resultado: 13U/l            ","0","0",""
"230110090206555","1","ALP 405 LIQ-WIENER","","","","","M","73621","","","Resultado: 1439U/l            ","0","1",""
"230110090505862","1","ALP 405 LIQ-WIENER","","","","","M","73625","","","Resultado: 176U/l            ","0","0",""
"230110090505862","7","GOT AA LÍQ-WIENER","","","","","M","73625","","","Resultado: 22U/l            ","0","0",""
"230110090505862","8","GPT AA LÍQ-WIENER","","","","","M","73625","","","Resultado: 15U/l            ","0","0",""
"230110104418037","1","GOT AA LÍQ-WIENER","","","","","M","622 1/3","","","Resultado: 48U/l            ","0","0",""
"230110104418037","2","GPT AA LÍQ-WIENER","","","","","M","622 1/3","","","Resultado: 107U/l            ","0","0",""
"230110121248520","7","GPT AA LÍQ-WIENER","","","","","M","73650","","","Resultado: 380U/l            ","0","1",""
"230110121248520","6","GOT AA LÍQ-WIENER","","","","","M","73650","","","Resultado: 289U/l            ","0","1",""
"230110121248520","1","ALP 405 LIQ-WIENER","","","","","M","73650","","","Resultado: 886U/l            ","0","1",""
"230110123021787","1","GOT AA LÍQ-WIENER","","","","","M","650 1/10","","","Resultado: 86U/l            ","0","0",""
"230110123021787","2","GPT AA LÍQ-WIENER","","","","","M","650 1/10","","","Resultado: 106U/l            ","0","0",""
"230110124119125","1","ALP 405 LIQ-WIENER","","","","","M","fal 1/10","","","Resultado: 94U/l            ","0","0",""
"230111064459906","1","ALP 405 LIQ-WIENER","","","","","M","73652","","","Resultado: 255U/l            ","0","0",""
"230111064459906","7","GPT AA LÍQ-WIENER","","","","","M","73652","","","Resultado: 96U/l            ","0","0",""
"230111064459906","6","GOT AA LÍQ-WIENER","","","","","M","73652","","","Resultado: 129U/l            ","0","0",""
"230111070437865","1","ALP 405 LIQ-WIENER","","","","","M","73653","","","Resultado: 361U/l            ","0","0",""
"230111070437865","6","GOT AA LÍQ-WIENER","","","","","M","73653","","","Resultado: 21U/l            ","0","0",""
"230111070437865","7","GPT AA LÍQ-WIENER","","","","","M","73653","","","Resultado: 25U/l            ","0","0",""
"230111081430590","1","ALP 405 LIQ-WIENER","","","","","M","73654","","","Resultado: 295U/l            ","0","0",""
"230111081430590","7","GOT AA LÍQ-WIENER","","","","","M","73654","","","Resultado: 22U/l            ","0","0",""
"230111081430590","8","GPT AA LÍQ-WIENER","","","","","M","73654","","","Resultado: 29U/l            ","0","0",""
"230111093203205","7","GOT AA LÍQ-WIENER","","","","","M","73659","","","Resultado: 18U/l            ","0","0",""
"230111093203205","5","GGT AA LÍQ-WIENER","","","","","M","73659","","","Resultado: 38U/l            ","0","0",""
"230111093203205","1","ALP 405 LIQ-WIENER","","","","","M","73659","","","Resultado: 416U/l            ","0","0",""
"230111093203205","8","GPT AA LÍQ-WIENER","","","","","M","73659","","","Resultado: 8U/l            ","0","0",""
"230111093218524","8","GPT AA LÍQ-WIENER","","","","","M","73660","","","Resultado: 81U/l            ","0","0",""
"230111093218524","1","ALP 405 LIQ-WIENER","","","","","M","73660","","","Resultado: 297U/l            ","0","0",""
"230111093218524","7","GOT AA LÍQ-WIENER","","","","","M","73660","","","Resultado: 36U/l            ","0","0",""
"230111095237261","1","ALP 405 LIQ-WIENER","","","","","M","73664","","","Resultado: 372U/l            ","0","0",""
"230111095237261","8","GPT AA LÍQ-WIENER","","","","","M","73664","","","Resultado: 22U/l            ","0","0",""
"230111095237261","7","GOT AA LÍQ-WIENER","","","","","M","73664","","","Resultado: 24U/l            ","0","0",""
"230111095345511","6","GOT AA LÍQ-WIENER","","","","","M","73666","","","Resultado: 18U/l            ","0","0",""
"230111095345511","7","GPT AA LÍQ-WIENER","","","","","M","73666","","","Resultado: 14U/l            ","0","0",""
"230111095345511","1","ALP 405 LIQ-WIENER","","","","","M","73666","","","Resultado: 250U/l            ","0","0",""
"230111095419035","1","ALP 405 LIQ-WIENER","","","","","M","73667","","","Resultado: 185U/l            ","0","0",""
"230111095419035","4","GOT AA LÍQ-WIENER","","","","","M","73667","","","Resultado: 16U/l            ","0","0",""
"230111095419035","5","GPT AA LÍQ-WIENER","","","","","M","73667","","","Resultado: 10U/l            ","0","0",""
"230110070316828","6","CREA CIN-WIENER","","","","","M","73616","","","Resultado: 0.5mg/dl            ","0","0",""
"230110083238432","4","UREA AA LÍQ-WIENER","","","","","M","73629","","","Resultado: 19.26mg/dl            ","0","0",""
"230110090015733","5","CREA CIN-WIENER","","","","","M","73617","","","Resultado: 0.9mg/dl            ","0","0",""
"230110090015733","11","UREA AA LÍQ-WIENER","","","","","M","73617","","","Resultado: 37.48mg/dl            ","0","0",""
"230110090103952","5","CREA CIN-WIENER","","","","","M","73620","","","Resultado: 1.1mg/dl            ","0","0",""
"230110090103952","11","UREA AA LÍQ-WIENER","","","","","M","73620","","","Resultado: 67.30mg/dl            ","0","0",""
"230110090831439","6","CREA CIN-WIENER","","","","","M","73628","","","Resultado: 1.2mg/dl            ","0","0",""
"230110090831439","12","UREA AA LÍQ-WIENER","","","","","M","73628","","","Resultado: 62.27mg/dl            ","0","0",""
"230110090228052","5","CREA CIN-WIENER","","","","","M","73622","","","Resultado: 0.9mg/dl            ","0","0",""
"230110090443023","5","CREA CIN-WIENER","","","","","M","73624","","","Resultado: 1.0mg/dl            ","0","0",""
"230110090443023","11","UREA AA LÍQ-WIENER","","","","","M","73624","","","Resultado: 38.75mg/dl            ","0","0",""
"230110090505862","5","CREA CIN-WIENER","","","","","M","73625","","","Resultado: 1.0mg/dl            ","0","0",""
"230110090748601","2","CREA CIN-WIENER","","","","","M","73626","","","Resultado: 0.9mg/dl            ","0","0",""
"230110090748601","6","UREA AA LÍQ-WIENER","","","","","M","73626","","","Resultado: 37.40mg/dl            ","0","0",""
"230110090356645","1","CREA CIN-WIENER","","","","","M","73623","","","Resultado: 0.9mg/dl            ","0","0",""
"230110090356645","3","UREA AA LÍQ-WIENER","","","","","M","73623","","","Resultado: 37.50mg/dl            ","0","0",""
"230110090930173","2","UREA AA LÍQ-WIENER","","","","","M","73631","","","Resultado: 55.53mg/dl            ","0","0",""
"230110090930173","1","CREA CIN-WIENER","","","","","M","73631","","","Resultado: 1.2mg/dl            ","0","0",""
"230110111818380","2","UREA AA LÍQ-WIENER","","","","","M","73642","","","Resultado: 30.89mg/dl            ","0","0",""
"230110111818380","1","CREA CIN-WIENER","","","","","M","73642","","","Resultado: 0.9mg/dl            ","0","0",""
"230110121248520","2","AMI-WIENER","","","","","M","73650","","","Resultado: 76U/l            ","0","0",""
"230110121248520","8","UREA AA LÍQ-WIENER","","","","","M","73650","","","Resultado: 15.17mg/dl            ","0","0",""
"230110121248520","5","CREA CIN-WIENER","","","","","M","73650","","","Resultado: 0.6mg/dl            ","0","0",""
"230111064459906","8","UREA AA LÍQ-WIENER","","","","","M","73652","","","Resultado: 28.51mg/dl            ","0","0",""
"230111064459906","4","CREA CIN-WIENER","","","","","M","73652","","","Resultado: 0.7mg/dl            ","0","0",""
"230111070437865","8","UREA AA LÍQ-WIENER","","","","","M","73653","","","Resultado: 31.62mg/dl            ","0","0",""
"230111070437865","4","CREA CIN-WIENER","","","","","M","73653","","","Resultado: 0.7mg/dl            ","0","0",""
"230111081430590","2","AMI-WIENER","","","","","M","73654","","","Resultado: 78U/l            ","0","0",""
"230111081430590","9","UREA AA LÍQ-WIENER","","","","","M","73654","","","Resultado: 53.27mg/dl            ","0","0",""
"230111081430590","5","CREA CIN-WIENER","","","","","M","73654","","","Resultado: 1.0mg/dl            ","0","0",""
"230111093203205","4","CREA CIN-WIENER","","","","","M","73659","","","Resultado: 0.8mg/dl            ","0","0",""
"230111093203205","9","UREA AA LÍQ-WIENER","","","","","M","73659","","","Resultado: 27.30mg/dl            ","0","0",""
"230111093218524","5","CREA CIN-WIENER","","","","","M","73660","","","Resultado: 0.9mg/dl            ","0","0",""
"230111093218524","11","UREA AA LÍQ-WIENER","","","","","M","73660","","","Resultado: 31.64mg/dl            ","0","0",""
"230111095237261","5","CREA CIN-WIENER","","","","","M","73664","","","Resultado: 0.8mg/dl            ","0","0",""
"230111095345511","4","CREA CIN-WIENER","","","","","M","73666","","","Resultado: 0.9mg/dl            ","0","0",""
"230111095431344","2","CREA CIN-WIENER","","","","","M","73670","","","Resultado: 0.7mg/dl            ","0","0",""
"230111111938869","3","UREA AA LÍQ-WIENER","","","","","M","670 simu","","","Resultado: 37.74mg/dl            ","0","0",""
